lng,lat
-67.5778,-39.0451
-67.08733,-39.10342
-67.588811,-39.036711
-67.09223,-39.09949
-67.56781,-39.03705
-67.57999,-39.03559
-67.0861319916,-39.0987909443
-67.2316337841,-39.0705677472
-67.573775,-39.030326
-67.0847613828,-39.0934786175
-67.56884,-39.02999
-67.5696253181,-39.0293824076
-67.57574,-39.02851
-67.57656,-39.02825
-67.5832992196,-39.0277009208
-67.5587999225,-39.0273987907
-65.34016,-41.60158
-67.586,-39.0196
-67.8311827184,-38.9830954632
-67.8228585721,-38.9793716163
-67.8352088935,-38.9756383985
-67.82993,-38.96982
-68.050244093,-38.968916276
-68.05966,-38.969
-67.9211815597,-38.9561358941
-68.03689,-38.96191
-67.9271843434,-38.9526484183
-68.039444,-38.959167
-68.05082,-38.95934
-68.058932,-38.958858
-68.0788,-38.95929
-68.0925,-38.9596
-67.98271,-38.94926
-68.0664,-38.9562
-67.99217,-38.94856
-68.03139,-38.95107
-68.0624,-38.95351
-68.07539,-38.95083
-68.08955,-38.95066
-68.097274,-38.951165
-68.05743,-38.94622
-68.07468,-38.94778
-67.98992,-38.94045
-68.00194,-38.94125
-68.11157,-38.9507
-68.08462,-38.94749
-67.989,-38.9387
-68.11744,-38.94895
-67.9874963777,-38.9359173635
-68.06446909,-38.942149918
-68.110433,-38.94682
-65.08824,-40.80777
-67.99613,-38.93567
-68.10196,-38.94466
-67.984142,-38.931847
-68.22889,-38.9571
-68.2449026124,-38.9567069243
-68.11735,-38.93956
-68.074,-38.93301
-68.0839358561,-38.9257176041
-68.23141,-38.93988
-68.06397,-38.82925
-64.94911,-40.74101
-68.07058,-38.82896
-68.1205140352,-38.8312350581
-68.0694968717,-38.8240173319
-68.0692609549,-38.8237210686
-68.129965156,-38.8286775489
-68.1392769815,-38.8290218989
-68.1243807971,-38.8273360736
-68.14441,-38.82733
-68.139291644,-38.8248152016
-68.1505971551,-38.8257011946
-66.145773411,-39.1645935723
-65.7049148084,-39.4221331656
-65.7621402747,-39.311137921
-65.6598002927,-39.292649332
-65.6606961505,-39.2919767634
-65.64777,-39.29944
-69.22045,-38.94454
-69.21067,-38.9304
-69.23309,-38.93402
-69.2478125097,-38.9353511732
-71.296792,-41.136201
-71.29829,-41.13814
-71.30168,-41.14
-71.30874,-41.13545
-70.0610032977,-38.9044669932
-70.06733,-38.90739
-71.319144,-41.160853
-65.04419,-42.76981
-65.048586,-42.775492
-65.039,-42.7683
-65.035411,-42.766295
-70.07384,-38.89891
-70.06664,-38.89284
-71.06918,-39.95196
-65.03735,-42.78041
-65.033057,-42.784698
-71.36172,-41.13137
-71.43181,-41.10923
-71.3565,-40.15838
-71.37765,-40.1769
-65.49149,-43.3005
-65.34977,-43.25524
-65.329062,-43.258861
-65.32222,-43.25658
-65.30917,-43.25039
-65.309592,-43.251438
-65.305489,-43.257504
-65.290951,-43.249033
-65.30158,-43.26608
-65.29282,-43.26308
-65.2797,-43.2648
-71.66039,-40.78314
-71.50589,-41.99012
-71.5155,-41.97991
-67.84058,-37.91387
-67.7988195419,-37.8833217522
-65.10459,-43.3027
-65.05033,-43.31893
-71.60277,-42.0657
-71.30256,-42.91209
-71.31964,-42.91234
-71.3226,-42.91495
-64.0993672012,-38.9949216524
-64.09913,-38.98905
-71.45851,-43.08318
-63.0052,-40.8148
-63.00303,-40.81634
-62.9884,-40.81547
-62.984272,-40.824867
-62.97805,-40.79919
-68.92685,-37.42144
-62.6202456951,-39.914635975
-62.6852213145,-39.5058469749
-62.6137433056,-39.2583330835
-64.6007595064,-37.3787292747
-62.6959487201,-38.8279545762
-63.5378220677,-37.6690152095
-62.3923487653,-38.7206811592
-69.06864,-45.58545
-62.2658774332,-38.7829903852
-62.2998,-38.7185
-62.3028,-38.7055
-62.2895,-38.7225
-62.2656061227,-38.7548316974
-62.282264373,-38.7312515178
-62.2672,-38.7417
-62.2697,-38.7364
-62.2762451901,-38.7244138851
-62.2916,-38.7022
-62.2711,-38.7289
-62.2815,-38.7126
-62.2601877452,-38.7333783645
-62.2716232685,-38.7157591469
-62.267942,-38.72041
-62.2915096872,-38.6839393271
-62.2628413988,-38.7197175107
-62.2751344048,-38.6997275099
-62.2717,-38.704
-62.2686,-38.7081
-62.2673916221,-38.7077694622
-62.262,-38.7144
-62.2578,-38.72
-62.2502,-38.7301
-62.2575061227,-38.7126334865
-62.2442264147,-38.7287916303
-62.2488200067,-38.7160301488
-62.230406881,-38.7354313836
-62.2295858307,-38.7281088077
-62.2169873472,-38.7387037614
-62.2453,-38.6976
-62.2441,-38.6986
-62.227778,-38.684722
-62.2114,-38.6987
-62.0847,-38.8816
-62.0750026257,-38.8848960437
-62.0703371914,-38.8866201809
-62.0860641003,-38.8601093113
-62.064109914,-38.878210624
-67.43295,-45.79548
-67.467625,-45.827235
-67.47829,-45.83598
-67.49884,-45.861
-67.479968,-45.861562
-67.47605,-45.8615
-67.532667,-45.870032
-67.50206,-45.8702
-67.4935,-45.8733
-67.51901,-45.87576
-67.525811,-45.882711
-67.53948,-45.88359
-67.56249,-45.9299
-64.315211,-36.634811
-64.3046,-36.6328
-64.29628,-36.6323
-64.2886,-36.6261
-64.28144,-36.62724
-64.2868,-36.62204
-64.291249,-36.618338
-64.29109,-36.61363
-64.30109,-36.60009
-64.280899,-36.604293
-64.270972,-36.603194
-62.21948576,-38.0990775629
-61.8926931421,-38.4843171628
-62.7704951764,-37.5461714544
-62.3546423971,-37.7621456725
-58.4692109,-34.6316975
-58.274778,-34.807041
-58.497733,-34.606446
-58.568523,-34.544654
-60.512711,-33.156124
-58.504,-34.6002
-58.469692,-34.630372
-58.4692321,-34.6306283
-60.220188,-33.331816
-58.519449,-34.586322
-58.4555196,-34.6423398
-58.456994,-34.640951
-58.4617314,-34.6366914
-58.458543,-34.639449
-58.4640708,-34.634479
-58.496709,-34.605713
-58.5326316,-34.5738643
-58.62767,-34.491603
-58.511689,-34.5915008
-58.550437,-34.55729
-58.4833332,-34.6158804
-58.3722024,-34.7146631
-58.530484,-34.574176
-58.5096,-34.5921
-58.7402,-34.3951
-58.486073,-34.61257
-58.4725229,-34.6243386
-58.6512228,-34.4692902
-58.4627288,-34.6325699
-58.738836,-34.395347
-58.49646,-34.602612
-58.3629215,-34.7212849
-58.475217,-34.620882
-58.363081,-34.720952
-58.494022,-34.604281
-58.4366933,-34.6548915
-58.4903978,-34.6072943
-58.555357,-34.550591
-58.500132,-34.598697
-58.4939129,-34.6040932
-58.491456,-34.606056
-58.352892,-34.729203
-58.575497,-34.532479
-58.554484,-34.550588
-58.7914597,-34.35006
-58.624077,-34.490438
-58.462808,-34.630258
-58.4642662,-34.6289482
-58.459408,-34.633156
-58.4754368,-34.6189821
-58.476016,-34.6182691
-58.486038,-34.609409
-58.462242,-34.630139
-58.575409,-34.531045
-58.4286401,-34.6594782
-58.494608,-34.601074
-58.4525728,-34.6380873
-58.5525115,-34.5504223
-58.563095,-34.541198
-58.4787121,-34.6147863
-58.497333,-34.598396
-58.500059,-34.59579
-58.738736,-34.391595
-58.480997,-34.612145
-58.502323,-34.593274
-58.3914,-34.6914
-58.4976429,-34.5971373
-58.4818952,-34.6107613
-58.7928537,-34.3456017
-58.4836744,-34.6085744
-58.4855976,-34.6064336
-58.475326,-34.615452
-58.4608,-34.6282
-58.464622,-34.624494
-58.489299,-34.602094
-58.7916233,-34.3444298
-58.4418066,-34.6432221
-58.4699422,-34.6182412
-58.491826,-34.598928
-58.5045122,-34.5876628
-58.4111022,-34.6699182
-58.45817,-34.627423
-58.406289,-34.673516
-58.789369,-34.344292
-58.4483758,-34.6355448
-58.452608,-34.631045
-58.4978318,-34.5911227
-58.4612086,-34.6230067
-58.467454,-34.617182
-58.4569877,-34.6262843
-58.6171,-34.4866
-58.477492,-34.6073757
-58.501809,-34.585933
-58.4267385,-34.6519788
-58.453314,-34.6281676
-59.6679614,-33.6787416
-58.4521,-34.628516
-59.6685,-33.6778
-58.5102555,-34.5773569
-58.4358917,-34.6424371
-58.4693123,-34.6121897
-58.464286,-34.616074
-58.228639,-34.829305
-58.4415417,-34.6358296
-58.386613,-34.684697
-58.484575,-34.597497
-58.4478,-34.6295
-58.350278,-34.716667
-58.4196788,-34.654144
-58.4996,-34.5835
-58.6257,-34.4745
-58.3806075,-34.6887773
-58.450161,-34.626522
-58.4740289,-34.6052957
-58.4563112,-34.6207181
-58.451248,-34.624687
-58.279265,-34.779585
-58.4629,-34.6143
-58.4980504,-34.5831225
-58.4675,-34.6096
-58.4927966,-34.5873745
-58.4383403,-34.6351629
-58.4466235,-34.6273661
-58.4493,-34.6248
-58.5032059,-34.5773372
-58.385221,-34.681712
-58.4608499,-34.6144399
-58.4141552,-34.6554344
-58.458185,-34.61632
-58.41803,-34.651709
-58.555112,-34.531295
-58.3442232,-34.7177549
-58.569421,-34.518899
-58.339005,-34.722369
-58.449251,-34.623596
-58.442438,-34.629168
-58.471445,-34.603522
-58.4248546,-34.6443523
-58.435797,-34.634333
-58.4319886,-34.6375623
-58.5775618,-34.5098719
-58.5059748,-34.5718154
-58.505278,-34.572222
-58.460584,-34.611087
-58.4994606,-34.5763414
-58.4618177,-34.6091824
-58.9552,-34.1962
-58.4856644,-34.5881385
-58.4163519,-34.6493284
-58.4686955,-34.6020171
-58.422711,-34.64267
-58.3904001,-34.6709522
-58.415872,-34.648144
-58.445992,-34.62116
-58.4634946,-34.6056819
-58.473941,-34.595836
-58.629233,-34.46134
-58.4550437,-34.6121149
-58.494765,-34.577205
-58.4821776,-34.5872269
-58.5605106,-34.5189208
-58.4637523,-34.6031233
-58.4241346,-34.6377738
-58.490393,-34.579005
-58.4486061,-34.6156758
-58.481354,-34.586703
-58.462122,-34.603571
-58.6863928,-34.4103806
-58.441093,-34.621665
-58.4407532,-34.6218749
-58.6298689,-34.4578272
-58.4338966,-34.627766
-58.433365,-34.627914
-58.404483,-34.653559
-58.4355294,-34.6259327
-58.424784,-34.635377
-58.44524,-34.617216
-58.441631,-34.620215
-58.459865,-34.604107
-58.589025,-34.491345
-58.6297,-34.4566
-58.408867,-34.64862
-58.26313,-34.78047
-58.548663,-34.525713
-58.4586699,-34.6041648
-58.2696,-34.7738
-58.4425506,-34.6178375
-58.4871575,-34.5785767
-58.616667,-34.466667
-58.4571361,-34.6048231
-58.4349162,-34.6244356
-58.595829,-34.48417
-58.4368,-34.6221
-58.4160612,-34.6403559
-58.5473185,-34.5247293
-58.442562,-34.616082
-58.436261,-34.621316
-58.486598,-34.576803
-58.6259,-34.4566
-58.4533825,-34.6058424
-58.4286401,-34.6273133
-58.9629,-34.1793
-58.43315,-34.622738
-58.50454,-34.559976
-58.42993,-34.62547
-58.505028,-34.559454
-58.415077,-34.638635
-58.448623,-34.608803
-58.489511,-34.572841
-58.438367,-34.617774
-58.491897,-34.570618
-58.4157757,-34.6372315
-58.4423438,-34.6132833
-58.2805,-34.7588
-58.476676,-34.5830372
-58.4986,-34.5638
-58.4883282,-34.5727565
-58.4315565,-34.6226946
-58.4928642,-34.5685513
-58.4878818,-34.5728529
-58.4475523,-34.6082744
-58.4484476,-34.6071505
-58.4859548,-34.5740766
-58.426136,-34.62676
-58.441494,-34.612981
-58.48838,-34.571129
-58.4376446,-34.6154894
-58.4323637,-34.6199615
-58.4833173,-34.5750195
-58.4245818,-34.6266864
-58.4301,-34.6217
-58.443746,-34.609566
-58.435,-34.6172
-58.4273,-34.623822
-58.366667,-34.677511
-58.4770438,-34.5795557
-59.0249,-34.1257
-60.332344,-33.225442
-58.403469,-34.643917
-58.482128,-34.574379
-67.5778,-39.0451
-67.08733,-39.10342
-67.588811,-39.036711
-67.09223,-39.09949
-67.56781,-39.03705
-67.57999,-39.03559
-67.0861319916,-39.0987909443
-67.2316337841,-39.0705677472
-67.573775,-39.030326
-67.0847613828,-39.0934786175
-67.56884,-39.02999
-67.5696253181,-39.0293824076
-67.57574,-39.02851
-67.57656,-39.02825
-67.5832992196,-39.0277009208
-67.5587999225,-39.0273987907
-65.34016,-41.60158
-67.586,-39.0196
-67.8311827184,-38.9830954632
-67.8228585721,-38.9793716163
-67.8352088935,-38.9756383985
-67.82993,-38.96982
-68.050244093,-38.968916276
-68.05966,-38.969
-67.9211815597,-38.9561358941
-68.03689,-38.96191
-67.9271843434,-38.9526484183
-68.039444,-38.959167
-68.05082,-38.95934
-68.058932,-38.958858
-68.0788,-38.95929
-68.0925,-38.9596
-67.98271,-38.94926
-68.0664,-38.9562
-67.99217,-38.94856
-68.03139,-38.95107
-68.0624,-38.95351
-68.07539,-38.95083
-68.08955,-38.95066
-68.097274,-38.951165
-68.05743,-38.94622
-68.07468,-38.94778
-67.98992,-38.94045
-68.00194,-38.94125
-68.11157,-38.9507
-68.08462,-38.94749
-67.989,-38.9387
-68.11744,-38.94895
-67.9874963777,-38.9359173635
-68.06446909,-38.942149918
-68.110433,-38.94682
-65.08824,-40.80777
-67.99613,-38.93567
-68.10196,-38.94466
-67.984142,-38.931847
-68.22889,-38.9571
-68.2449026124,-38.9567069243
-68.11735,-38.93956
-68.074,-38.93301
-68.0839358561,-38.9257176041
-68.23141,-38.93988
-68.06397,-38.82925
-64.94911,-40.74101
-68.07058,-38.82896
-68.1205140352,-38.8312350581
-68.0694968717,-38.8240173319
-68.0692609549,-38.8237210686
-68.129965156,-38.8286775489
-68.1392769815,-38.8290218989
-68.1243807971,-38.8273360736
-68.14441,-38.82733
-68.139291644,-38.8248152016
-68.1505971551,-38.8257011946
-66.145773411,-39.1645935723
-65.7049148084,-39.4221331656
-65.7621402747,-39.311137921
-65.6598002927,-39.292649332
-65.6606961505,-39.2919767634
-65.64777,-39.29944
-69.22045,-38.94454
-69.21067,-38.9304
-69.23309,-38.93402
-69.2478125097,-38.9353511732
-71.296792,-41.136201
-71.29829,-41.13814
-71.30168,-41.14
-71.30874,-41.13545
-70.0610032977,-38.9044669932
-70.06733,-38.90739
-71.319144,-41.160853
-65.04419,-42.76981
-65.048586,-42.775492
-65.039,-42.7683
-65.035411,-42.766295
-70.07384,-38.89891
-70.06664,-38.89284
-71.06918,-39.95196
-65.03735,-42.78041
-65.033057,-42.784698
-71.36172,-41.13137
-71.43181,-41.10923
-71.3565,-40.15838
-71.37765,-40.1769
-65.49149,-43.3005
-65.34977,-43.25524
-65.329062,-43.258861
-65.32222,-43.25658
-65.30917,-43.25039
-65.309592,-43.251438
-65.305489,-43.257504
-65.290951,-43.249033
-65.30158,-43.26608
-65.29282,-43.26308
-65.2797,-43.2648
-71.66039,-40.78314
-71.50589,-41.99012
-71.5155,-41.97991
-67.84058,-37.91387
-67.7988195419,-37.8833217522
-65.10459,-43.3027
-65.05033,-43.31893
-71.60277,-42.0657
-71.30256,-42.91209
-71.31964,-42.91234
-71.3226,-42.91495
-64.0993672012,-38.9949216524
-64.09913,-38.98905
-71.45851,-43.08318
-63.0052,-40.8148
-63.00303,-40.81634
-62.9884,-40.81547
-62.984272,-40.824867
-62.97805,-40.79919
-68.92685,-37.42144
-62.6202456951,-39.914635975
-62.6852213145,-39.5058469749
-62.6137433056,-39.2583330835
-64.6007595064,-37.3787292747
-62.6959487201,-38.8279545762
-63.5378220677,-37.6690152095
-62.3923487653,-38.7206811592
-69.06864,-45.58545
-62.2658774332,-38.7829903852
-62.2998,-38.7185
-62.3028,-38.7055
-62.2895,-38.7225
-62.2656061227,-38.7548316974
-62.282264373,-38.7312515178
-62.2672,-38.7417
-62.2697,-38.7364
-62.2762451901,-38.7244138851
-62.2916,-38.7022
-62.2711,-38.7289
-62.2815,-38.7126
-62.2601877452,-38.7333783645
-62.2716232685,-38.7157591469
-62.267942,-38.72041
-62.2915096872,-38.6839393271
-62.2628413988,-38.7197175107
-62.2751344048,-38.6997275099
-62.2717,-38.704
-62.2686,-38.7081
-62.2673916221,-38.7077694622
-62.262,-38.7144
-62.2578,-38.72
-62.2502,-38.7301
-62.2575061227,-38.7126334865
-62.2442264147,-38.7287916303
-62.2488200067,-38.7160301488
-62.230406881,-38.7354313836
-62.2295858307,-38.7281088077
-62.2169873472,-38.7387037614
-62.2453,-38.6976
-62.2441,-38.6986
-62.227778,-38.684722
-62.2114,-38.6987
-62.0847,-38.8816
-62.0750026257,-38.8848960437
-62.0703371914,-38.8866201809
-62.0860641003,-38.8601093113
-62.064109914,-38.878210624
-67.43295,-45.79548
-67.467625,-45.827235
-67.47829,-45.83598
-67.49884,-45.861
-67.479968,-45.861562
-67.47605,-45.8615
-67.532667,-45.870032
-67.50206,-45.8702
-67.4935,-45.8733
-67.51901,-45.87576
-67.525811,-45.882711
-67.53948,-45.88359
-67.56249,-45.9299
-64.315211,-36.634811
-64.3046,-36.6328
-64.29628,-36.6323
-64.2886,-36.6261
-64.28144,-36.62724
-64.2868,-36.62204
-64.291249,-36.618338
-64.29109,-36.61363
-64.30109,-36.60009
-64.280899,-36.604293
-64.270972,-36.603194
-62.21948576,-38.0990775629
-61.8926931421,-38.4843171628
-62.7704951764,-37.5461714544
-62.3546423971,-37.7621456725
-58.535824,-34.527628
-58.474586,-34.580737
-58.428189,-34.621309
-58.489,-34.5678
-58.4278588,-34.621573
-58.473713,-34.58114
-58.4278,-34.6216
-58.4401,-34.6106
-58.443773,-34.606964
-58.4414318,-34.6089665
-58.4716114,-34.5823064
-58.945418,-34.18654
-58.4170172,-34.630292
-58.4685,-34.5847
-58.4831992,-34.5716404
-58.441521,-34.608199
-58.472993,-34.580357
-58.428125,-34.619772
-58.429695,-34.618327
-58.431839,-34.616267
-58.420171,-34.626152
-58.438723,-34.609696
-58.475887,-34.5768964
-58.486436,-34.567588
-58.2891868,-34.7437163
-58.3887202,-34.6534717
-58.4675266,-34.583693
-58.5262106,-34.531566
-58.47995,-34.571795
-58.4332766,-34.6117242
-58.433683,-34.611147
-58.4045551,-34.6369605
-58.42997,-34.614357
-58.477695,-34.572029
-58.443008,-34.602446
-58.405779,-34.635113
-58.524438,-34.530695
-58.469274,-34.578743
-58.4403471,-34.603977
-58.403169,-34.636786
-58.44255,-34.6017899
-58.4832909,-34.5653623
-58.4984145,-34.5521177
-58.4413993,-34.6015334
-58.477915,-34.5694121
-58.4061362,-34.6326213
-58.4162756,-34.6235872
-58.444983,-34.598185
-58.375462,-34.659544
-58.293619,-34.733394
-58.42222,-34.617797
-58.965513,-34.162738
-58.9611328,-34.1659506
-58.4164336,-34.6221132
-58.9648,-34.1629
-58.4309495,-34.6087141
-58.5117145,-34.5376215
-58.442373,-34.5978334
-58.42542,-34.612793
-58.4299219,-34.6087404
-58.5574,-34.4974
-58.490865,-34.554987
-58.42894,-34.608907
-58.4634818,-34.578467
-58.438878,-34.599934
-58.437085,-34.60151
-58.473,-34.5696
-58.473,-34.5696
-58.443905,-34.5951411
-58.445668,-34.593559
-58.442895,-34.595995
-58.423957,-34.612645
-58.423957,-34.612645
-58.454272,-34.585892
-58.4474593,-34.5918835
-58.431299,-34.6061
-58.433412,-34.603848
-58.4097384,-34.6247055
-58.450443,-34.588729
-58.4438175,-34.5944326
-58.368212,-34.661465
-58.4311424,-34.6054744
-58.4379841,-34.5994232
-58.4535529,-34.5855958
-58.446921,-34.59142
-58.420517,-34.614634
-58.344031,-34.68287
-58.416892,-34.6177626
-58.4652,-34.5751
-58.435513,-34.600968
-58.9579757,-34.1641136
-58.3429383,-34.6831706
-58.396301,-34.635325
-58.412729,-34.620567
-58.516425,-34.529396
-58.4870293,-34.5549061
-58.460232,-34.578357
-58.47278,-34.567331
-58.48897,-34.55308
-58.3623175,-34.6650066
-58.432602,-34.602404
-58.402557,-34.628905
-58.477311,-34.562958
-58.409197,-34.622701
-58.3791234,-34.6494046
-58.363085,-34.663712
-58.4209021,-34.6118491
-58.4066,-34.6245
-58.4462919,-34.5893691
-58.4246824,-34.6084278
-58.429635,-34.604003
-59.020315,-34.113272
-58.438522,-34.596076
-58.4599651,-34.577198
-58.411001,-34.620248
-58.5208208,-34.5239629
-58.433801,-34.599811
-58.316933,-34.704182
-58.415528,-34.615778
-58.399654,-34.629844
-58.331551,-34.677326
-58.44015,-34.580624
-58.4473267,-34.5741284
-58.5227,-34.5084
-58.46318,-34.560168
-58.399075,-34.616667
-58.465851,-34.557292
-58.4099023,-34.6064083
-58.3866,-34.627
-58.391341,-34.622603
-58.454065,-34.567072
-58.419089,-34.597814
-58.4588525,-34.5628202
-58.373366,-34.63841
-58.3982386,-34.6162451
-58.419235,-34.597579
-58.553074,-34.480984
-58.450469,-34.569917
-58.4501603,-34.5701559
-58.4607081,-34.5606253
-58.403346,-34.610877
-58.4541372,-34.5660554
-58.455869,-34.564492
-58.4567305,-34.5637332
-60.621337,-33.027958
-58.3690741,-34.6412489
-58.463202,-34.557913
-58.4065327,-34.6077165
-58.392204,-34.620294
-58.47108,-34.550697
-60.812213,-32.920926
-58.383403,-34.627961
-58.438429,-34.579254
-58.4573105,-34.5623559
-58.4114132,-34.6027526
-58.446058,-34.572189
-58.439338,-34.578078
-58.3899576,-34.6214599
-58.412809,-34.601174
-58.4196875,-34.594997
-58.4100788,-34.6034002
-58.402456,-34.610019
-58.4244299,-34.5905692
-58.383,-34.627247
-58.409272,-34.603877
-58.433094,-34.582757
-58.4270195,-34.5878485
-58.4603022,-34.5585404
-58.4240622,-34.5902858
-58.4502161,-34.5672438
-58.3764568,-34.632252
-58.392208,-34.618097
-58.459349,-34.558821
-58.46577,-34.553168
-58.3989244,-34.6119916
-58.442051,-34.573878
-58.406744,-34.60498
-58.375998,-34.632222
-58.3760678,-34.6320834
-63.88091,-31.681017
-58.4459,-34.5702
-58.382215,-34.626433
-58.462146,-34.555786
-58.4316151,-34.582556
-58.412243,-34.599597
-58.3697099,-34.6373762
-58.40067,-34.6098246
-58.4931423,-34.5286128
-58.4459054,-34.5698358
-58.4546,-34.5622
-58.4647421,-34.5532062
-58.4517,-34.5646
-58.4028388,-34.607513
-58.3916913,-34.6173202
-58.422997,-34.589507
-58.302113,-34.69753
-58.466328,-34.551306
-58.385616,-34.622468
-58.417548,-34.5941284
-58.3823011,-34.6253767
-58.468561,-34.548849
-60.8034,-32.9223
-58.4689903,-34.5479546
-58.4420995,-34.5713409
-58.405234,-34.6036515
-58.462109,-34.553375
-58.470108,-34.546335
-58.398323,-34.609491
-58.4705622,-34.5458941
-58.4403118,-34.5723643
-58.383908,-34.622075
-58.4245,-34.5861
-58.46029,-34.554653
-58.3947104,-34.6123916
-58.3789187,-34.6263387
-58.4545906,-34.5594987
-58.427612,-34.583171
-58.471821,-34.544364
-58.444457,-34.568295
-58.452616,-34.560973
-58.238291,-34.753173
-58.263922,-34.729681
-58.4669121,-34.5482475
-58.4310392,-34.5795405
-58.393293,-34.612879
-58.370104,-34.6335
-58.405074,-34.602287
-58.5005836,-34.5185576
-58.452,-34.5609
-58.436126,-34.574828
-58.3921,-34.6136
-58.4733624,-34.542076
-58.4115956,-34.5962353
-58.47384,-34.541473
-58.463929,-34.5500853
-58.575528,-34.453587
-58.4205839,-34.5880694
-58.4172,-34.5909
-58.3961317,-34.6094575
-58.5687411,-34.4589449
-58.3984397,-34.6308932
-58.958885,-34.160831
-58.4316253,-34.6014481
-58.364139,-34.661258
-58.415062,-34.615542
-58.425651,-34.605878
-58.5305171,-34.5141769
-58.5534,-34.4944
-58.459731,-34.575419
-58.45184,-34.582298
-58.5733,-34.4769
-58.3980513,-34.6298211
-58.4835,-34.5545
-58.4871771,-34.5512734
-58.4821174,-34.5556464
-58.4308,-34.600614
-58.419102,-34.610954
-58.451888,-34.582023
-58.421539,-34.608555
-58.4312,-34.6
-58.4281829,-34.6024774
-58.470704,-34.56508
-58.4541889,-34.5794505
-58.4614,-34.5729
-58.574853,-34.474499
-58.3914525,-34.6344047
-58.4264,-34.6033
-58.4486,-34.5836
-58.4789878,-34.5568173
-58.3763218,-34.6474444
-58.3723,-34.651
-58.409207,-34.618004
-58.277988,-34.735911
-58.479994,-34.555471
-58.4168101,-34.6109309
-58.4014697,-34.6236734
-58.4431,-34.5868
-58.44905,-34.58128
-58.298863,-34.715471
-58.445996,-34.5838928
-58.432102,-34.5955928
-58.4684123,-34.5635828
-58.414782,-34.610752
-58.458683,-34.571895
-58.549103,-34.493225
-58.412625,-34.612364
-58.442219,-34.5861248
-58.4208375,-34.6049604
-58.408296,-34.615999
-58.423044,-34.602928
-58.5024536,-34.533164
-58.409057,-34.615032
-58.4714163,-34.5600965
-58.4586216,-34.5712254
-58.545723,-34.495405
-58.4139,-34.6105
-58.403897,-34.619005
-60.6671,-33.0092
-58.4683,-34.5622
-58.419242,-34.605069
-58.4353056,-34.5907998
-58.487423,-34.545115
-58.4339,-34.591615
-58.426805,-34.597862
-58.4519034,-34.575674
-58.2913273,-34.719142
-58.412303,-34.610492
-58.466949,-34.562325
-58.4492594,-34.5777581
-58.3975835,-34.6231624
-58.6548,-34.4005
-58.430572,-34.593583
-58.420866,-34.602154
-58.449064,-34.577279
-58.373563,-34.6440309
-58.3891921,-34.6299045
-58.5262,-34.5097
-58.427785,-34.595594
-58.418825,-34.603357
-58.428737,-34.594504
-58.334422,-34.678568
-60.666142,-33.00761
-58.462056,-34.5651
-58.457493,-34.56902
-58.4429618,-34.5814348
-58.3959072,-34.6230367
-58.3788,-34.6382
-58.461111,-34.565311
-58.466181,-34.560829
-58.4246163,-34.5971577
-58.4078,-34.612
-58.409618,-34.610235
-58.39121,-34.6265163
-58.405107,-34.613952
-58.451281,-34.573102
-58.5151,-34.5174
-58.416192,-34.603633
-58.464248,-34.561264
-58.436601,-34.585471
-58.4135635,-34.6056255
-58.4766,-34.550187
-58.45841,-34.565978
-59.02444,-34.0980349
-58.3855908,-34.630166
-58.414885,-34.6039858
-58.4669991,-34.5580778
-58.456531,-34.567226
-58.398396,-34.618411
-58.4307611,-34.589669
-58.4736585,-34.5520142
-58.3931835,-34.6228846
-58.4199,-34.5992
-58.462283,-34.561751
-58.374389,-34.639341
-58.4631715,-34.5608571
-59.0251,-34.0967
-58.1872598,-34.8097369
-59.022901,-34.098331
-58.427222,-34.592171
-58.406752,-34.6101883
-58.2820677,-34.7116294
-58.474738,-34.540038
-58.449967,-34.561609
-58.362526,-34.63899
-58.433486,-34.575946
-58.4428269,-34.56768
-58.41291,-34.593956
-58.2641,-34.7275
-58.395539,-34.609227
-58.419052,-34.588209
-58.387978,-34.615549
-58.3704685,-34.6310944
-58.4499,-34.5608
-58.406195,-34.599281
-58.453504,-34.557442
-58.4315629,-34.5766733
-58.4554028,-34.5555822
-58.2195186,-34.7672566
-58.430994,-34.576785
-58.370311,-34.630511
-58.423667,-34.583109
-58.472052,-34.540539
-58.419375,-34.586626
-58.43,-34.5772
-58.3960221,-34.6071216
-58.429157,-34.577794
-58.3851356,-34.6166572
-58.388254,-34.61368
-58.4032685,-34.5999938
-58.391532,-34.610358
-58.4064955,-34.5970815
-58.3931,-34.6088
-58.381498,-34.619056
-58.2343069,-34.7520628
-58.4118526,-34.5920824
-58.576949,-34.448712
-58.412544,-34.591312
-58.2733722,-34.7160304
-58.4111036,-34.5924706
-58.576591,-34.448633
-58.3736292,-34.6255187
-58.4564886,-34.5523401
-58.410869,-34.592437
-58.463162,-34.546306
-58.419019,-34.584804
-58.403084,-34.598762
-58.38147,-34.617902
-58.4223268,-34.5816907
-58.4032,-34.5985
-58.3937157,-34.606897
-58.403782,-34.59788
-58.425507,-34.578647
-58.4833,-34.528
-58.403697,-34.597836
-58.4249155,-34.579057
-58.399768,-34.601172
-58.5376011,-34.4808246
-58.3726168,-34.6251504
-58.421027,-34.582216
-58.4482183,-34.5582289
-58.424094,-34.579302
-58.3603133,-34.6358731
-58.452838,-34.55398
-58.448568,-34.557692
-58.398071,-34.602117
-58.406363,-34.594766
-58.480779,-34.529452
-58.35943,-34.636459
-58.4105,-34.591
-58.391361,-34.607887
-58.450046,-34.555966
-58.3949583,-34.604513
-58.386223,-34.612239
-58.4523061,-34.5538167
-58.394643,-34.604525
-58.43287,-34.570715
-58.4399389,-34.5643568
-58.434871,-34.568676
-58.4165247,-34.5847845
-58.4053499,-34.5945934
-58.424332,-34.577797
-58.392703,-34.605721
-58.494552,-34.516305
-58.3971054,-34.6016761
-58.4589,-34.5472
-58.4361596,-34.5668975
-58.463148,-34.543233
-58.439299,-34.564071
-58.412707,-34.587468
-58.366311,-34.628636
-58.395363,-34.602748
-58.4272,-34.5745
-58.371153,-34.624098
-58.4322732,-34.5698385
-58.459569,-34.545639
-58.3779568,-34.6175785
-58.4368,-34.5655
-58.382776,-34.613219
-58.260079,-34.723677
-58.3900842,-34.6066491
-58.4047,-34.5936
-58.3613,-34.631998
-58.386606,-34.609441
-58.445842,-34.557057
-58.3608448,-34.6320434
-58.46314,-34.54162
-58.4544449,-34.5491869
-58.4877,-34.5201
-58.40905,-34.588997
-58.3879012,-34.6077047
-58.422356,-34.577198
-58.4532876,-34.5499895
-58.3628499,-34.6298527
-58.2627514,-34.7200918
-58.396275,-34.599869
-58.399571,-34.596862
-58.4109,-34.5868
-58.619971,-34.406164
-58.4335617,-34.5667734
-58.4850089,-34.5215759
-58.4109701,-34.5863049
-58.38923,-34.605506
-58.374322,-34.618745
-58.391768,-34.603042
-58.381835,-34.6116871
-58.422856,-34.575307
-58.3729926,-34.6190759
-58.384045,-34.609241
-58.405533,-34.59014
-58.393041,-34.601159
-58.376096,-34.616166
-58.255729,-34.724544
-58.431944,-34.566538
-58.3760331,-34.6159499
-58.223347,-34.753869
-58.251,-34.7282
-58.3973971,-34.5960054
-58.3831215,-34.6085513
-58.4706,-34.5315
-58.368478,-34.621333
-58.2535,-34.725
-58.3989,-34.5938
-58.4220692,-34.5733048
-58.377673,-34.612572
-58.372441,-34.617218
-58.413292,-34.580779
-58.360295,-34.62779
-58.3947861,-34.5971041
-58.4074,-34.5859
-58.468176,-34.532302
-58.420475,-34.574055
-58.451884,-34.546397
-58.4051234,-34.5873487
-58.395425,-34.595813
-58.3847811,-34.6051859
-58.388729,-34.601674
-58.369851,-34.618135
-58.374702,-34.613625
-58.3746625,-34.6136307
-58.3891667,-34.6006805
-58.380533,-34.608259
-58.379243,-34.609305
-58.390542,-34.599232
-58.3886005,-34.6006324
-58.4906586,-34.5110917
-58.3983517,-34.5919508
-58.399403,-34.5907212
-58.385229,-34.60315
-58.385088,-34.60322
-58.254951,-34.720261
-58.376565,-34.610428
-58.410332,-34.58052
-58.492046,-34.508824
-58.4918272,-34.5089427
-58.400575,-34.588803
-58.4100975,-34.5802113
-58.383077,-34.603902
-58.390211,-34.597206
-58.386397,-34.600584
-58.387552,-34.599262
-58.4092,-34.5801
-58.5960217,-34.4184565
-58.401466,-34.586854
-58.394831,-34.592701
-58.3796983,-34.6060306
-58.392,-34.595055
-58.393061,-34.594087
-58.408608,-34.580229
-58.3902,-34.5964
-58.37334,-34.611219
-58.4015054,-34.5861813
-58.37647,-34.607884
-58.403812,-34.58354
-58.3760198,-34.6081269
-58.377861,-34.606445
-58.4009,-34.5859
-58.4086,-34.5791
-58.493843,-34.504534
-58.3926,-34.593
-58.3877718,-34.5970782
-58.436642,-34.553982
-58.379509,-34.604198
-58.388332,-34.59632
-58.3979,-34.587782
-58.385461,-34.598783
-58.405894,-34.580526
-58.206631,-34.760264
-58.3783133,-34.6047958
-58.3876,-34.5964
-58.3831549,-34.6003161
-58.376453,-34.606155
-58.3615,-34.6192
-58.377672,-34.604774
-58.393414,-34.590737
-58.3982903,-34.5863931
-58.40004,-34.584822
-58.398127,-34.586508
-58.380994,-34.601524
-58.55325,-34.450955
-58.378116,-34.603219
-58.389726,-34.591951
-58.1979191,-34.7652851
-58.497407,-34.497382
-58.405981,-34.577265
-58.384178,-34.596288
-58.378613,-34.601177
-58.379713,-34.599822
-58.3796545,-34.5998484
-58.3767232,-34.6021724
-58.376826,-34.601651
-63.910924,-31.651386
-58.394398,-34.585915
-58.380133,-34.597675
-58.4814,-34.5087
-60.726586,-32.94079
-58.505871,-34.487198
-58.3886,-34.5897
-58.376924,-34.599933
-58.378291,-34.598622
-58.499192,-34.492689
-58.57798,-34.424942
-58.370312,-34.60537
-58.577033,-34.4255709
-58.371478,-34.604167
-58.44301,-34.540971
-58.3781834,-34.5976686
-58.47972,-34.50855
-58.403801,-34.574635
-58.3804858,-34.5951915
-58.374107,-34.600814
-58.559628,-34.438741
-58.381012,-34.594016
-58.371949,-34.601987
-58.3731891,-34.6008689
-58.565723,-34.433161
-58.376975,-34.59728
-58.370466,-34.60257
-58.4892685,-34.4978183
-58.3791,-34.5941
-58.4771,-34.5081
-58.553738,-34.441795
-58.388055,-34.585727
-58.372053,-34.599672
-58.374515,-34.597351
-58.3834012,-34.5892217
-60.7402,-32.9285
-58.5179,-34.4713
-58.50573,-34.48157
-58.538348,-34.453474
-58.5395479,-34.4523413
-58.4823114,-34.5016027
-58.397682,-34.575574
-58.5457,-34.4469
-58.3793,-34.5918
-58.379252,-34.591563
-58.369906,-34.599509
-58.381335,-34.589266
-58.514531,-34.472624
-58.5056248,-34.4802448
-58.527173,-34.461333
-58.3634962,-34.6034242
-58.363274,-34.603441
-58.363274,-34.603439
-58.514687,-34.470353
-58.390966,-34.576259
-58.512079,-34.470376
-60.725227,-32.931339
-58.3732,-34.5904
-58.0544,-34.8819
-60.7249756,-32.9298072
-58.484964,-34.49027
-60.6844,-32.951
-58.527515,-34.4524395
-58.50185,-34.47436
-58.497758,-34.476587
-58.48977,-34.48337
-58.5100921,-34.4654523
-58.372698,-34.5850445
-58.07703,-34.85116
-60.670442,-32.951847
-60.702038,-32.934019
-60.645497,-32.964284
-60.6778049,-32.9446397
-60.62856,-32.970122
-60.653201,-32.954975
-60.6424,-32.9609
-56.7186,-36.3588
-57.9757,-34.9349
-60.6733,-32.9406
-58.104034,-34.811905
-60.642143,-32.956875
-60.6467395,-32.9514498
-60.6635,-32.942
-60.727936,-32.904529
-60.657028,-32.942435
-60.649656,-32.946554
-60.634864,-32.95473
-60.627932,-32.953823
-57.9829,-34.9103
-60.637325,-32.94663
-60.680334,-32.922428
-60.6720475,-32.9265135
-60.6448748,-32.9416062
-60.650968,-32.937548
-57.996156,-34.893655
-60.637946,-32.943048
-60.64213,-32.939591
-57.996389,-34.889722
-57.953545,-34.930175
-60.685,-32.9094
-57.9801,-34.8955
-57.9601721,-34.9132587
-57.949931,-34.923011
-57.9562,-34.9168
-57.9344,-34.9362
-57.969828,-34.90023
-57.956494,-34.911498
-58.003415,-34.86586
-57.951821,-34.913497
-57.9522388,-34.9129897
-57.9421,-34.9154
-57.9506,-34.9068
-64.5007,-31.4367
-64.498234,-31.431672
-57.945932,-34.892971
-64.499099,-31.42053
-64.4951,-31.4188
-64.502649,-31.415957
-64.221258,-31.475606
-64.4852,-31.413
-64.476408,-31.406365
-64.214305,-31.463694
-57.9168134,-34.8571545
-64.200399,-31.457372
-64.2062,-31.4536
-72.26159,-50.33778
-64.168204,-31.459773
-57.9032607,-34.860558
-64.199,-31.4478
-64.166095,-31.455534
-64.2868,-36.62204
-64.291249,-36.618338
-64.29109,-36.61363
-64.30109,-36.60009
-64.280899,-36.604293
-64.270972,-36.603194
-62.21948576,-38.0990775629
-61.8926931421,-38.4843171628
-62.7704951764,-37.5461714544
-62.3546423971,-37.7621456725
-62.4093492642,-37.6029505092
-61.2891190054,-38.9879549347
-61.2879230976,-38.9814524911
-61.2937899498,-38.7135652877
-67.54386,-46.44146
-67.52854,-46.44466
-67.534532,-46.444821
-67.52008,-46.44824
-68.58641,-35.4766
-69.5916,-35.4752
-68.955,-46.54469
-61.9361502487,-37.4607288598
-61.9302753396,-37.4652812023
-64.29165,-35.91046
-61.354,-37.9854
-61.3598238227,-37.9766605969
-61.3536998034,-37.9837464825
-67.95859,-46.79489
-67.96864,-46.80018
-67.50918,-35.00092
-67.69565,-34.98097
-67.69843,-34.97835
-67.70457,-34.97405
-70.93052,-46.58407
-63.783194,-35.662562
-63.7626532368,-35.6566833174
-63.75667,-35.65597
-63.75222,-35.65388
-68.22765,-34.73885
-68.240548,-34.730688
-61.2633951903,-37.2507491216
-61.2608061433,-37.2485842844
-68.3673,-34.63611
-60.2758305,-38.3814993
-60.2765,-38.378
-60.2727,-38.3773
-60.2685,-38.3825
-68.33136,-34.62738
-62.7429463863,-35.9826701375
-68.3339,-34.6242
-68.31392,-34.6223
-60.268,-38.3706
-68.27368,-34.61886
-68.3171,-34.6205
-62.74153,-35.97863
-68.33813,-34.62049
-68.32132,-34.61638
-68.33678,-34.6147
-68.3403,-34.6128
-62.7318736,-35.9707542
-68.3355,-34.6078
-68.31729,-34.60466
-62.72095,-35.97134
-60.7984573858,-37.5436470608
-61.749462,-36.599707
-63.57239,-35.24001
-62.975086,-35.487759
-61.717704177,-36.300960765
-62.96265,-35.4808
-61.89697,-35.83006
-61.8980129958,-35.8202899587
-61.896981,-35.81316
-61.8957903385,-35.8125004364
-65.87128,-47.74948
-63.01758,-35.04124
-59.8059690357,-37.6756163665
-59.807378,-37.671562
-63.012165,-35.033081
-63.016989112,-35.0296423198
-61.1147596837,-36.2315368886
-61.113086,-36.231056
-60.3314970732,-36.9008297297
-60.314098,-36.908071
-60.322967,-36.894088
-60.32165,-36.893694
-60.3163211346,-36.8944205051
-60.3038703203,-36.88674932
-60.304042,-36.880767
-69.06668,-33.77986
-69.062,-33.7763
-69.11749,-33.73461
-61.371,-35.63051
-61.365063,-35.625004
-58.74966,-38.56091
-58.7420058284,-38.5563180785
-58.74359,-38.55275
-58.7333,-38.561
-69.1573,-33.65458
-58.7305,-38.5611
-58.7260272295,-38.5653003841
-58.6975949403,-38.5707774638
-62.48612,-34.83973
-69.01595,-33.59293
-69.01775,-33.57553
-59.8707408604,-36.788427151
-59.8595911,-36.7810658
-59.8496,-36.7854
-59.85077,-36.78289
-59.8346,-36.7857
-65.464,-33.6806
-65.452311,-33.680311
-65.469225,-33.675929
-58.7819235921,-38.1647132315
-58.78199,-38.160695
-65.46737,-33.66966
-65.44616,-33.67093
-65.45706,-33.66548
-65.4461,-33.65968
-63.922266,-34.009177
-59.147927,-37.31454
-59.135087,-37.326474
-59.1326,-37.327
-59.134689,-37.317411
-63.38699,-34.13682
-69.1499,-33.3762
-59.114568,-37.324111
-69.14656,-33.3646
-69.1436,-33.3636
-68.151273,-33.253252
-66.315336,-33.315002
-60.89279,-35.45748
-60.8974763451,-35.4512894824
-66.3236,-33.3065
-66.336836,-33.304813
-66.336848,-33.302748
-66.339,-33.2968
-66.328016,-33.296952
-66.303038,-33.296618
-61.892818,-34.764896
-66.347627,-33.289011
-64.59461,-33.62593
-66.315772,-33.287805
-66.295036,-33.290016
-66.330555,-33.284075
-66.251547,-33.285644
-66.308652,-33.27565
-68.46727,-33.19679
-68.45541,-33.19541
-68.88226,-33.205716
-62.6976,-34.27254
-68.47816,-33.1466
-61.53717,-34.86227
-66.31348,-33.181588
-68.479064,-33.10053
-68.574708,-33.094536
-68.4619,-33.0865
-68.4807,-33.0863
-68.46468,-33.08534
-68.47768,-33.08529
-68.47051,-33.081972
-68.4722,-33.0818
-68.482803,-33.079828
-68.4729,-33.0708
-68.54786,-33.05727
-68.88529,-33.07518
-64.71816,-33.38916
-68.8746,-33.03811
-68.878842,-33.036676
-68.879,-33.0359
-68.88956,-33.03649
-68.893148,-33.035543
-68.8777,-33.0325
-59.088369,-36.777248
-68.649822,-33.006616
-61.03402,-35.00172
-68.6746,-32.99476
-68.784528,-32.98736
-68.7851,-32.98223
-68.785177,-32.982186
-68.7883,-32.9824
-58.26133,-37.84951
-68.797144,-32.978814
-68.8582,-32.9798
-58.2562523,-37.8407516
-68.78949,-32.96804
-70.22736,-48.76253
-68.85005,-32.96146
-58.237878,-37.833135
-68.8577,-32.9557
-68.82105,-32.95074
-68.858594,-32.951367
-68.82134,-32.94324
-68.87092,-32.9456
-68.841687,-32.942962
-68.8483,-32.9414
-68.8347,-32.9393
-68.84589,-32.93603
-68.857104,-32.929628
-68.84851,-32.9276
-68.78112,-32.92112
-68.79138,-32.92099
-68.85906,-32.92388
-68.846961,-32.92271
-68.838,-32.9169
-68.8461,-32.9174
-68.7858,-32.9122
-68.76143,-32.90956
-68.87866,-32.91938
-68.8228,-32.914
-68.827222,-32.913611
-64.1767,-31.4507
-72.26895,-50.34712
-64.244144,-31.432439
-57.8808734,-34.8702073
-64.1868,-31.445
-64.23448,-31.432482
-64.140194,-31.455694
-64.093979,-31.465265
-64.105638,-31.462198
-57.8678337,-34.8742082
-64.219,-31.4303
-64.214909,-31.430344
-64.212639,-31.428833
-64.148264,-31.443295
-64.19116,-31.428959
-62.725261,-31.872108
-64.188,-31.4277
-64.192761,-31.425978
-64.1833,-31.4279
-64.187491,-31.42571
-64.1568,-31.4333
-64.183581,-31.426127
-64.1302,-31.439
-64.1848,-31.4252
-64.230768,-31.412738
-64.142987,-31.434051
-64.178865,-31.424348
-64.129571,-31.436163
-64.17975,-31.423638
-64.1823,-31.4225
-64.167944,-31.424833
-64.181934,-31.421151
-64.1870389,-31.419649
-64.188666,-31.419003
-64.159383,-31.424414
-64.1874,-31.4168
-64.18853,-31.415363
-64.258333,-31.396389
-64.180514,-31.415382
-64.1472,-31.4235
-64.187476,-31.413303
-64.191444,-31.411341
-64.260167,-31.394411
-64.1927,-31.4108
-64.194166,-31.410431
-64.1893,-31.4116
-64.185278,-31.412485
-64.123136,-31.427771
-64.2119,-31.4054
-64.169505,-31.415769
-64.223639,-31.401621
-64.1656,-31.4137
-64.242835,-31.393915
-64.1616,-31.4126
-64.1786,-31.4076
-64.170035,-31.408596
-64.277458,-31.377987
-64.1655,-31.4034
-64.1757,-31.3998
-64.1825,-31.3981
-64.227507,-31.38671
-64.24515,-31.380531
-64.215095,-31.387203
-64.2053,-31.3895
-64.2229,-31.3806
-64.2147,-31.3802
-64.161389,-31.393056
-64.184167,-31.387312
-64.231105,-31.375555
-63.536742,-31.557592
-64.3388,-31.3451
-64.213855,-31.374529
-64.196087,-31.378481
-64.234389,-31.367392
-63.53476,-31.553545
-64.1756,-31.3796
-64.2367,-31.363
-64.2194,-31.367
-64.219389,-31.366472
-64.216945,-31.36418
-64.218739,-31.362231
-64.147652,-31.379569
-64.2805,-31.3468
-64.2462,-31.3527
-64.269297,-31.346646
-64.249119,-31.349003
-64.16644,-31.365896
-64.290168,-31.335048
-59.484702,-33.432259
-64.267581,-31.325218
-64.26895,-31.323825
-64.2856,-31.3015
-64.2899,-31.3003
-64.276462,-31.300019
-64.294248,-31.295597
-64.176628,-31.312421
-64.4659,-31.2445
-64.313564,-31.236851
-64.316653,-31.170089
-64.322,-31.1651
-64.484196,-31.108277
-64.483,-31.093
-64.486559,-31.089486
-64.29525,-31.126667
-61.85577,-31.90554
-63.046571,-31.414566
-64.491956,-30.982788
-59.316711,-33.149666
-60.1570702,-32.6220245
-59.314408,-33.13578
-64.096,-30.9804
-64.092456,-30.978745
-64.084407,-30.977255
-64.525162,-30.857497
-64.80168,-30.724778
-64.8005,-30.7249
-62.0754172,-31.4373822
-62.0894,-31.4288
-60.637659,-32.070467
-60.6378708,-32.0697098
-62.3546423971,-37.7621456725
-62.4093492642,-37.6029505092
-61.2891190054,-38.9879549347
-61.2879230976,-38.9814524911
-61.2937899498,-38.7135652877
-67.54386,-46.44146
-67.52854,-46.44466
-67.534532,-46.444821
-67.52008,-46.44824
-68.58641,-35.4766
-69.5916,-35.4752
-68.955,-46.54469
-61.9361502487,-37.4607288598
-61.9302753396,-37.4652812023
-64.29165,-35.91046
-61.354,-37.9854
-61.3598238227,-37.9766605969
-61.3536998034,-37.9837464825
-67.95859,-46.79489
-67.96864,-46.80018
-67.50918,-35.00092
-67.69565,-34.98097
-67.69843,-34.97835
-67.70457,-34.97405
-70.93052,-46.58407
-63.783194,-35.662562
-63.7626532368,-35.6566833174
-63.75667,-35.65597
-63.75222,-35.65388
-68.22765,-34.73885
-68.240548,-34.730688
-61.2633951903,-37.2507491216
-61.2608061433,-37.2485842844
-68.3673,-34.63611
-60.2758305,-38.3814993
-60.2765,-38.378
-60.2727,-38.3773
-60.2685,-38.3825
-68.33136,-34.62738
-62.7429463863,-35.9826701375
-68.3339,-34.6242
-68.31392,-34.6223
-60.268,-38.3706
-68.27368,-34.61886
-68.3171,-34.6205
-62.74153,-35.97863
-68.33813,-34.62049
-68.32132,-34.61638
-68.33678,-34.6147
-68.3403,-34.6128
-62.7318736,-35.9707542
-68.3355,-34.6078
-68.31729,-34.60466
-62.72095,-35.97134
-60.7984573858,-37.5436470608
-61.749462,-36.599707
-63.57239,-35.24001
-62.975086,-35.487759
-61.717704177,-36.300960765
-62.96265,-35.4808
-61.89697,-35.83006
-61.8980129958,-35.8202899587
-61.896981,-35.81316
-61.8957903385,-35.8125004364
-65.87128,-47.74948
-63.01758,-35.04124
-59.8059690357,-37.6756163665
-59.807378,-37.671562
-63.012165,-35.033081
-63.016989112,-35.0296423198
-61.1147596837,-36.2315368886
-61.113086,-36.231056
-60.3314970732,-36.9008297297
-60.314098,-36.908071
-60.322967,-36.894088
-60.32165,-36.893694
-60.3163211346,-36.8944205051
-60.3038703203,-36.88674932
-60.304042,-36.880767
-69.06668,-33.77986
-69.062,-33.7763
-69.11749,-33.73461
-61.371,-35.63051
-61.365063,-35.625004
-58.74966,-38.56091
-58.7420058284,-38.5563180785
-58.74359,-38.55275
-58.7333,-38.561
-69.1573,-33.65458
-58.7305,-38.5611
-58.7260272295,-38.5653003841
-58.6975949403,-38.5707774638
-62.48612,-34.83973
-69.01595,-33.59293
-69.01775,-33.57553
-59.8707408604,-36.788427151
-59.8595911,-36.7810658
-59.8496,-36.7854
-59.85077,-36.78289
-59.8346,-36.7857
-65.464,-33.6806
-65.452311,-33.680311
-65.469225,-33.675929
-58.7819235921,-38.1647132315
-58.78199,-38.160695
-65.46737,-33.66966
-65.44616,-33.67093
-65.45706,-33.66548
-65.4461,-33.65968
-63.922266,-34.009177
-59.147927,-37.31454
-59.135087,-37.326474
-59.1326,-37.327
-59.134689,-37.317411
-63.38699,-34.13682
-69.1499,-33.3762
-59.114568,-37.324111
-69.14656,-33.3646
-69.1436,-33.3636
-68.151273,-33.253252
-66.315336,-33.315002
-60.89279,-35.45748
-60.8974763451,-35.4512894824
-66.3236,-33.3065
-66.336836,-33.304813
-66.336848,-33.302748
-66.339,-33.2968
-66.328016,-33.296952
-66.303038,-33.296618
-61.892818,-34.764896
-66.347627,-33.289011
-64.59461,-33.62593
-66.315772,-33.287805
-66.295036,-33.290016
-66.330555,-33.284075
-66.251547,-33.285644
-66.308652,-33.27565
-68.46727,-33.19679
-68.45541,-33.19541
-68.88226,-33.205716
-62.6976,-34.27254
-68.47816,-33.1466
-61.53717,-34.86227
-66.31348,-33.181588
-68.479064,-33.10053
-68.574708,-33.094536
-68.4619,-33.0865
-68.4807,-33.0863
-68.46468,-33.08534
-68.47768,-33.08529
-68.47051,-33.081972
-68.4722,-33.0818
-68.482803,-33.079828
-68.4729,-33.0708
-68.54786,-33.05727
-68.88529,-33.07518
-64.71816,-33.38916
-68.8746,-33.03811
-68.878842,-33.036676
-68.879,-33.0359
-68.88956,-33.03649
-68.893148,-33.035543
-68.8777,-33.0325
-59.088369,-36.777248
-68.649822,-33.006616
-61.03402,-35.00172
-68.6746,-32.99476
-68.784528,-32.98736
-68.7851,-32.98223
-68.785177,-32.982186
-68.7883,-32.9824
-58.26133,-37.84951
-68.797144,-32.978814
-68.8582,-32.9798
-58.2562523,-37.8407516
-68.78949,-32.96804
-70.22736,-48.76253
-68.85005,-32.96146
-58.237878,-37.833135
-68.8577,-32.9557
-68.82105,-32.95074
-68.858594,-32.951367
-68.82134,-32.94324
-68.87092,-32.9456
-68.841687,-32.942962
-68.8483,-32.9414
-68.8347,-32.9393
-68.84589,-32.93603
-68.857104,-32.929628
-68.84851,-32.9276
-68.78112,-32.92112
-68.79138,-32.92099
-68.85906,-32.92388
-68.846961,-32.92271
-68.838,-32.9169
-68.8461,-32.9174
-68.7858,-32.9122
-68.76143,-32.90956
-68.87866,-32.91938
-68.8228,-32.914
-68.827222,-32.913611
-68.789274,-32.908234
-68.7829,-32.9062
-68.7658,-32.90473
-68.80309,-32.90767
-68.8762,-32.9127
-68.76274,-32.90092
-68.86098,-32.9092
-68.8034,-32.9039
-68.7971,-32.9018
-59.3945007,-32.7204781
-60.026982,-32.336331
-59.793051,-32.407265
-60.200586,-32.172918
-59.792151,-32.397116
-59.79784,-32.391782
-69.24545,-51.61293
-69.22786,-51.61501
-69.22224,-51.61964
-69.21631,-51.62095
-69.21284,-51.62268
-69.24618,-51.62105
-69.246761,-51.62821
-69.23756,-51.62891
-69.19812,-51.63219
-69.20936,-51.63544
-69.22013,-51.63866
-69.22923,-51.64111
-60.308697,-32.036205
-60.307578,-32.03214
-58.5279,-33.0106
-60.7653809,-31.6653404
-64.351278,-30.424783
-58.5119321,-33.0071111
-58.521853,-32.991736
-60.5262471,-31.7674201
-60.5276976,-31.7594788
-60.541261,-31.741747
-60.5387651,-31.7419371
-60.524946,-31.748447
-60.511242,-31.754009
-60.509048,-31.755047
-60.519333,-31.749003
-60.547349,-31.734235
-60.7056016,-31.652283
-60.7106075,-31.649562
-60.7078,-31.650868
-60.4993,-31.7551
-60.524741,-31.737845
-60.509477,-31.743916
-60.517162,-31.738721
-60.528649,-31.730408
-60.547111,-31.721006
-60.533681,-31.725619
-60.692778,-31.644722
-60.515308,-31.7330526
-60.524157,-31.72674
-60.493869,-31.741911
-60.7017017,-31.637308
-60.507412,-31.734176
-60.529162,-31.722868
-61.51056,-31.25889
-60.6591,-31.6414
-60.412963,-31.763742
-61.4991,-31.25247
-61.506122,-31.2422
-61.46323,-31.25174
-60.94322,-31.44565
-60.008211,-31.870495
-72.31888,-51.5395
-59.398493,-32.172327
-59.138836,-32.301798
-72.2049,-51.60864
-60.074162,-31.579954
-62.00629,-30.711216
-62.00429,-30.70991
-58.2330284,-32.4838219
-59.0284795,-31.8696614
-59.031579,-31.860934
-59.027234,-31.855744
-66.8541,-29.4295
-66.862431,-29.428056
-66.856755,-29.411481
-66.8531,-29.4018
-58.402913,-32.160073
-59.9826012,-31.2176495
-58.2220274,-32.2147611
-58.1454569,-32.2252713
-58.1482778,-32.2190005
-60.5929,-30.78861
-59.447589,-31.339743
-65.060293,-29.277527
-59.784141,-30.948414
-58.503452,-31.623548
-59.6445363,-30.7449462
-58.781227,-30.956411
-58.018603,-31.396866
-58.0243081,-31.3902116
-58.0129175,-31.3951436
-58.0152199,-31.3889553
-58.0212,-31.3844
-58.014364,-31.3822684
-58.011377,-31.368882
-58.010184,-31.348497
-65.133155,-28.639088
-65.778283,-28.477093
-65.7745,-28.4757
-65.778434,-28.472753
-65.7782,-28.4726
-65.8012,-28.465
-65.755222,-28.467222
-65.7728,-28.4603
-65.7187,-28.448
-57.9198417,-30.9850361
-67.71694,-53.76949
-67.721621,-53.774139
-67.71526,-53.77903
-59.527042,-30.017418
-67.70299,-53.785009
-67.70084,-53.7863
-67.72149,-53.79251
-57.996407,-30.761145
-57.9939,-30.7625
-64.270007,-27.828131
-64.249649,-27.809678
-65.6202,-27.5889
-64.2612,-27.7886
-64.2578,-27.7786
-64.251963,-27.767976
-64.2436,-27.7298
-57.63942,-30.250668
-67.20141,-54.51638
-65.6008,-27.3503
-65.589111,-27.350411
-59.272544,-29.154703
-58.055256,-29.791304
-59.2625031,-29.1452083
-59.26214,-29.14212
-59.2646,-29.137
-68.27745,-54.79826
-68.30217,-54.80407
-68.31342,-54.80924
-68.32702,-54.8133
-68.334293,-54.815339
-68.3353,-54.8179
-65.4999,-27.1699
-65.221111,-26.866111
-58.079052,-29.180941
-65.2228,-26.8398
-65.252036,-26.835085
-65.2346,-26.8346
-65.21,-26.8373
-65.2282,-26.8328
-65.169381,-26.837786
-65.2177,-26.8306
-65.206887,-26.830652
-65.20201,-26.830278
-65.2615,-26.822
-65.2404,-26.8234
-65.2168,-26.8255
-65.203784,-26.826229
-65.2825,-26.8149
-65.292314,-26.8129
-57.0975,-29.7058
-65.177,-26.8229
-65.209515,-26.814605
-65.2479,-26.8094
-65.223711,-26.794311
-65.206898,-26.794944
-65.2226,-26.7896
-65.2614,-26.7299
-59.042919,-28.5123
-65.153748,-26.481717
-59.022092,-27.445833
-58.9913,-27.4551
-58.999086,-27.44139
-58.987383,-27.4388
-58.813711,-27.500211
-58.968677,-27.413327
-58.815872,-27.477092
-58.834021,-27.467798
-58.805929,-27.470051
-60.452742,-26.791271
-64.9705319,-25.4987985
-65.5777397,-24.9856165
-65.488976,-24.964549
-65.469513,-24.8857
-65.450626,-24.847714
-65.43395,-24.849116
-65.4331,-24.8414
-65.428647,-24.830882
-65.426427,-24.811541
-65.383161,-24.812077
-65.399047,-24.808249
-65.4373408,-24.8034671
-65.419722,-24.804722
-65.416186,-24.80174
-65.4090968,-24.7996878
-65.4168,-24.7981
-65.417406,-24.797858
-65.4322727,-24.7947076
-65.440698,-24.793708
-65.414204,-24.79518
-65.4056,-24.7958
-65.4104126,-24.7948557
-65.4142,-24.7939
-65.4291746,-24.7922771
-65.4153853,-24.7926754
-65.412395,-24.792053
-65.4118,-24.7903
-65.413699,-24.789072
-65.4219001,-24.7880714
-65.4323303,-24.7869634
-65.4177599,-24.7871267
-65.4099,-24.7846
-65.4143692,-24.7814935
-65.427437,-24.779652
-65.401667,-24.781285
-65.4045791,-24.7789448
-65.4099025,-24.7779849
-65.4148,-24.7767
-65.443309,-24.769449
-65.4129,-24.7726
-65.3986,-24.7581
-65.40337,-24.7261
-65.406139,-24.719693
-65.120764,-24.378393
-65.116091,-24.375638
-55.933211,-27.425611
-55.91676,-27.401235
-55.909301,-27.396928
-58.203056,-26.195833
-55.95188,-27.365024
-65.235348,-24.246625
-55.900862,-27.391194
-58.187564,-26.190381
-65.26349,-24.236789
-55.927511,-27.367222
-55.897406,-27.373226
-58.166895,-26.18141
-55.896502,-27.367621
-65.272455,-24.2167
-65.290278,-24.210556
-65.277658,-24.211767
-55.893729,-27.360006
-65.276178,-24.206061
-65.289007,-24.200465
-65.30228,-24.192925
-65.319964,-24.187378
-65.3204,-24.1872
-65.303701,-24.18892
-58.161308,-26.151456
-65.304604,-24.185348
-65.309434,-24.183291
-65.304235,-24.183838
-65.3063,-24.1829
-64.86666,-24.234136
-64.867798,-24.229356
-65.279933,-24.179943
-64.860411,-24.224911
-65.311738,-24.170434
-64.7934,-23.8137
-64.787303,-23.809406
-57.724311,-25.288111
-64.326264,-23.144839
-64.3261,-23.1308
-63.792511,-22.513333
-65.598841,-22.103561
-68.78488,-32.89917
-68.8329,-32.9029
-68.83336,-32.90161
-68.852428,-32.903094
-68.789,-32.8942
-68.8598,-32.8997
-68.8273,-32.8939
-68.845102,-32.894355
-68.83942,-32.89171
-68.80237,-32.88846
-68.8182,-32.8893
-68.82375,-32.88902
-68.8252,-32.8884
-68.835,-32.8888
-68.838726,-32.888123
-68.859,-32.8897
-68.78468,-32.88106
-68.84228,-32.885582
-68.824738,-32.883149
-68.848197,-32.885049
-68.81029,-32.8805
-68.8545,-32.8836
-68.8415,-32.8821
-68.81929,-32.87605
-68.855222,-32.877586
-68.8836,-32.876
-68.843574,-32.871591
-68.8337,-32.8707
-68.85644,-32.86905
-68.8564,-32.8681
-68.842227,-32.866239
-68.83274,-32.86419
-68.8222,-32.8628
-68.82182,-32.86078
-68.8332,-32.8598
-68.86586,-32.86265
-68.87593,-32.86251
-68.8421,-32.85724
-68.82416,-32.85247
-68.83597,-32.85198
-68.8412,-32.8512
-68.77388,-32.8453
-68.86072,-32.85184
-68.858749,-32.850748
-57.8432,-38.2663
-57.837578,-38.2722815
-68.82643,-32.84421
-68.84769,-32.84543
-68.8081,-32.84203
-68.82723,-32.84212
-68.8213,-32.8411
-68.83448,-32.84175
-60.166461,-35.433295
-68.86667,-32.83854
-58.487377,-37.15398
-57.79375,-38.24348
-60.4858734,-35.1172245
-60.48006,-35.12003
-68.39795,-32.75708
-59.7762,-35.6388
-68.60221,-32.72224
-68.59239,-32.72154
-64.36501,-33.13804
-64.382403,-33.131159
-64.3538,-33.1383
-64.33139,-33.13677
-64.349014,-33.125271
-64.38002,-33.11594
-64.34074,-33.12668
-64.35747,-33.11921
-64.3509,-33.116
-64.3415,-33.1098
-64.34019,-33.10828
-60.96794,-34.60156
-60.97425,-34.597204
-63.296037,-33.417932
-68.34893,-32.62142
-57.7100436689,-38.0095151024
-60.9474,-34.5947
-60.9565,-34.5832
-60.94734,-34.58348
-67.74663,-49.30582
-67.71869,-49.31199
-57.6337,-37.9734
-59.0945984,-36.0186812
-57.58574,-38.03104
-57.60069,-37.99678
-57.57536,-38.04088
-57.561,-38.0526
-57.58317,-38.00208
-57.56878,-38.02539
-57.57101,-38.01865
-57.5945595,-37.9742308
-57.5659,-38.0244
-57.5535,-38.0469
-57.59463,-37.96741
-69.34789,-32.597571
-57.58752,-37.97779
-57.5652,-38.0126
-57.5765,-37.9913
-65.286374,-32.733805
-57.5476181,-38.0419852
-57.56415,-38.01036
-57.54969,-38.03516
-57.55899,-38.01463
-57.57416,-37.97773
-57.56379,-37.99313
-57.55972,-37.99857
-57.5565,-37.999
-57.5514,-38.0072
-57.5587,-37.9922
-57.579192,-37.953878
-57.560025,-37.9876162
-57.5481742,-38.0089747
-57.553648,-37.998923
-57.53746,-38.02773
-57.5502,-38.0016
-57.5436,-38.0129
-57.54635,-38.00765
-57.55605,-37.98796
-57.547721,-38.000667
-57.54752,-38.00024
-57.54913,-37.99528
-57.5693301559,-37.9574509192
-57.54395,-38.00206
-57.5668,-37.96
-57.53968,-38.00883
-57.54743,-37.96878
-57.55118,-37.95335
-61.982983,-33.744187
-61.965641,-33.75
-61.96796,-33.74657
-60.47103,-34.64362
-61.9656,-33.7455
-60.4642224,-34.6346734
-57.72747,-37.449135
-60.0228134,-34.8940464
-60.0175,-34.8954
-60.0175,-34.894
-64.33812,-32.76004
-59.330897,-35.398366
-57.837571,-37.065288
-57.880218,-36.863464
-60.7339,-34.1961
-60.732517,-34.1959
-63.78745,-32.75168
-61.10836,-33.89863
-65.01436,-32.33852
-64.39178,-32.45129
-60.24628,-34.29722
-59.0967829,-35.1888412
-59.0979,-35.1863
-58.493309,-35.767071
-58.805485,-35.441361
-68.43823,-31.9835
-59.278074,-35.005151
-61.488451,-33.459792
-68.93578,-49.98699
-60.5763,-33.8988
-60.568849,-33.902945
-60.5690737,-33.8939905
-60.565031,-33.893742
-60.551755,-33.900993
-63.738309,-32.426197
-59.8223267,-34.3806686
-59.432368,-34.653951
-59.4327,-34.6533
-59.43586,-34.64359
-57.680161,-36.313707
-56.9869,-37.2611
-64.252269,-32.196961
-60.11101,-34.06859
-56.9766,-37.2636
-60.104689,-34.061751
-57.136081,-37.003439
-58.949306,-34.925472
-65.192428,-31.945415
-65.174243,-31.948391
-58.316883,-35.515799
-65.188052,-31.944647
-64.540024,-32.066495
-64.107542,-32.175576
-64.539902,-32.065183
-64.1046,-32.175
-56.951625,-37.185485
-58.7648874,-35.050929
-58.7606411,-35.0530892
-62.694435,-32.629875
-58.7561,-35.0502
-63.243811,-32.422944
-62.6938,-32.619
-63.2565,-32.4086
-63.2327919,-32.413772
-63.2485416,-32.4078411
-59.446896,-34.442858
-59.795796,-34.173214
-68.26756,-31.6602
-63.242153,-32.387278
-64.553286,-31.979941
-56.877853,-37.108878
-56.8731,-37.1082
-56.8753,-37.1009
-56.86351,-37.11214
-68.53877,-31.5926
-62.299299,-32.657917
-59.119412,-34.565687
-59.1199,-34.5623
-59.111166,-34.567026
-68.543726,-31.575672
-59.103745,-34.561648
-68.5589,-31.5708
-68.5323,-31.5667
-59.112038,-34.548109
-58.017385,-35.561416
-59.472474,-34.245404
-62.1046,-32.6981
-62.09761,-32.69981
-62.104534,-32.6955357
-58.680678,-34.882709
-58.012131,-35.528798
-68.573361,-31.541112
-68.5556,-31.5389
-68.5142,-31.5358
-68.5144,-31.5358
-68.5806,-31.53923
-68.5244,-31.5357
-68.4946,-31.53331
-68.524744,-31.534016
-68.521,-31.5309
-68.5877,-31.5292
-68.5671,-31.5278
-68.5231,-31.5232
-68.5365,-31.5235
-68.5166,-31.5204
-68.541975,-31.520936
-68.56146,-31.51926
-68.5259,-31.5172
-58.95357,-34.60819
-68.546211,-31.511111
-58.944474,-34.61042
-58.941293,-34.611076
-58.5930473,-34.9105116
-68.54173,-31.49547
-58.571979,-34.893323
-58.860948,-34.635247
-58.423525,-35.023461
-58.566485,-34.891004
-58.4204728,-35.0221052
-65.005083,-31.718774
-58.813294,-34.666447
-65.020359,-31.70631
-58.6347284,-34.8119282
-58.8281784,-34.6375809
-58.565582,-34.86137
-58.743391,-34.703558
-58.56418,-34.86014
-58.231875,-35.169002
-58.793006,-34.651731
-58.792778,-34.651667
-58.796414,-34.647481
-58.791172,-34.650363
-58.7899053,-34.6477926
-58.645218,-34.773098
-58.7905,-34.6435
-58.6451543,-34.7693634
-58.7318454,-34.6866773
-58.791,-34.6353
-58.762946,-34.65732
-58.762382,-34.65598
-58.783554,-34.633596
-58.727992,-34.679311
-58.7246,-34.6733
-58.5222721,-34.8519579
-58.617475,-34.765389
-58.376123,-34.984291
-58.7279,-34.6667
-58.7267799,-34.6669351
-58.728113,-34.665273
-58.764283,-34.633337
-58.7263109,-34.6612587
-58.5047,-34.8546
-58.613909,-34.754677
-58.507777,-34.843857
-58.737751,-34.638963
-58.710554,-34.65725
-58.699257,-34.665985
-58.6971,-34.6657
-58.666738,-34.682558
-58.4949847,-34.8338743
-58.586041,-34.750544
-58.5884615,-34.7482106
-58.583439,-34.751654
-58.5832,-34.7488
-58.910893,-34.463241
-58.688217,-34.647756
-58.5853229,-34.73492
-58.6247299,-34.6997046
-58.625616,-34.697534
-58.66264,-34.665048
-58.916319,-34.449813
-58.522473,-34.788541
-58.910154,-34.454772
-58.683783,-34.643977
-58.9079006,-34.4527672
-58.747632,-34.5856526
-58.625595,-34.688988
-58.563889,-34.739722
-58.894408,-34.454933
-58.6882801,-34.628829
-58.457272,-34.830925
-58.6519,-34.6561
-58.4673986,-34.8198093
-58.6077235,-34.6927276
-58.67813,-34.63133
-58.6486973,-34.656602
-58.843137,-34.490709
-58.468587,-34.816015
-58.601259,-34.697531
-58.8876,-34.4529
-58.6561,-34.6491
-58.840306,-34.491348
-58.38527,-34.889129
-58.477246,-34.804783
-58.57033,-34.7208867
-58.6504339,-34.6498757
-58.384251,-34.887216
-58.38823,-34.883091
-58.885225,-34.447867
-58.582955,-34.704435
-58.655782,-34.640349
-58.642884,-34.651086
-58.456994,-34.814703
-58.625507,-34.662748
-58.5803,-34.7018
-58.7876928,-34.5218226
-58.457241,-34.810018
-58.6566,-34.6327
-58.616849,-34.666094
-58.4511,-34.8121
-58.86835,-34.44959
-63.6792919,-31.9151891
-58.6567158,-34.6278804
-58.8731,-34.4427
-58.6231,-34.6537
-58.6264209,-34.6502131
-58.4791516,-34.7803362
-58.389308,-34.85823
-58.4494122,-34.8032345
-58.62113,-34.649605
-58.386273,-34.859301
-58.3849381,-34.8600505
-58.619063,-34.649223
-58.61765,-34.650367
-58.620217,-34.648019
-58.618429,-34.64876
-58.6184887,-34.6467621
-58.4257131,-34.8183783
-58.597356,-34.664628
-58.427561,-34.815906
-58.6126,-34.6488
-58.6285,-34.6338
-58.7238,-34.5514
-58.749167,-34.529722
-58.457944,-34.780839
-58.751278,-34.522894
-58.7531003,-34.519576
-58.4959,-34.7423
-58.633769,-34.62061
-58.7520892,-34.5189509
-58.868762,-34.42054
-58.557778,-34.685278
-58.643543,-34.608716
-58.563547,-34.676217
-58.560218,-34.67891
-58.5553009,-34.6830345
-58.6833252,-34.5715475
-58.534011,-34.701453
-58.7149,-34.544189
-58.4252917,-34.798211
-58.393707,-34.826231
-58.662778,-34.587222
-58.390159,-34.82818
-58.535934,-34.69683
-58.5929389,-34.6460108
-58.635556,-34.608056
-58.6842989,-34.5652775
-58.705209,-34.547207
-58.698256,-34.553106
-58.7221086,-34.5317321
-58.590601,-34.645017
-58.710821,-34.5406985
-58.38449,-34.8276381
-58.6354,-34.6031
-58.5165375,-34.7073192
-58.658565,-34.58276
-58.399417,-34.812068
-58.389897,-34.81663
-58.6785,-34.5608
-58.414,-34.7932
-58.562079,-34.65939
-58.4053,-34.7993
-58.636447,-34.591972
-58.581518,-34.638763
-58.5897402,-34.6307077
-58.7296151,-34.5096952
-58.388804,-34.80887
-58.7974943,-34.4517657
-58.5225796,-34.6878905
-58.3959092,-34.7997695
-58.6328,-34.589617
-58.797046,-34.449447
-58.5641947,-34.6480353
-58.395114,-34.799052
-58.701631,-34.528883
-58.5702,-34.642
-58.507265,-34.697473
-58.4995605,-34.7030125
-58.392057,-34.798507
-58.808,-34.436
-58.566629,-34.640961
-58.762683,-34.47267
-58.775516,-34.46141
-58.4067065,-34.7817272
-58.5617807,-34.6402654
-58.5306422,-34.6673153
-58.5016,-34.6926
-64.427644,-31.664987
-58.5407918,-34.6574848
-58.3859618,-34.7960196
-58.5108719,-34.6798995
-58.411275,-34.768774
-58.595,-34.605397
-58.594873,-34.605001
-58.462849,-34.720449
-58.4628685,-34.7204095
-58.555,-34.6375
-58.592464,-34.603431
-64.42845,-31.658308
-64.42357,-31.65864
-58.78275,-34.440125
-58.7246946,-34.4887679
-64.442259,-31.654088
-58.725733,-34.48629
-58.726521,-34.485221
-56.6768593,-36.7214462
-58.558307,-34.629473
-64.430021,-31.654963
-64.413147,-31.658608
-64.4098,-31.6592
-58.419417,-34.751627
-58.524475,-34.656142
-58.5418243,-34.6402735
-58.4825,-34.691937
-58.514126,-34.663863
-58.433859,-34.735217
-58.5582513,-34.6238633
-58.5223907,-34.6552174
-64.4278,-31.6514
-58.5151612,-34.6606831
-58.5068737,-34.668003
-58.3995,-34.7638
-58.52574,-34.650917
-58.51818,-34.657114
-58.5309,-34.6459
-58.532,-34.6448
-58.794678,-34.419958
-58.401913,-34.760481
-64.433943,-31.64848
-58.611389,-34.575111
-58.5488933,-34.6287238
-58.704919,-34.494028
-58.479593,-34.68944
-58.744187,-34.460679
-58.4586922,-34.7079051
-58.4014206,-34.7592744
-58.51897,-34.653948
-58.512962,-34.659228
-58.4933966,-34.6764626
-58.457872,-34.707955
-58.384968,-34.7735937
-58.595549,-34.586125
-58.4289309,-34.7329159
-58.593697,-34.587243
-58.694886,-34.500302
-58.411227,-34.748145
-58.69522,-34.499386
-58.343911,-34.809111
-58.5033475,-34.6651686
-58.5624903,-34.6131258
-58.4873173,-34.6783452
-58.680254,-34.510651
-58.4769857,-34.6871711
-58.528993,-34.64117
-58.401176,-34.754573
-58.515854,-34.651978
-58.830138,-34.383803
-58.47536,-34.687601
-58.5095764,-34.6572416
-58.519847,-34.647473
-58.5153128,-34.650879
-58.526236,-34.641073
-58.5608,-34.6106
-58.5276851,-34.6395755
-58.3575072,-34.7920076
-56.6835,-36.6882
-58.5148,-34.6508
-58.474617,-34.685561
-58.564882,-34.605633
-58.474576,-34.685119
-58.527606,-34.638023
-58.507422,-34.655697
-58.602061,-34.571709
-58.472697,-34.685129
-58.562677,-34.605697
-58.523585,-34.639899
-58.5063631,-34.6548398
-58.4002232,-34.7494248
-58.521055,-34.641224
-58.507257,-34.653232
-58.5140065,-34.6467684
-58.6101726,-34.562834
-58.520714,-34.639111
-58.4084,-34.739
-58.745,-34.4463
-58.5442501,-34.6182294
-58.486858,-34.668423
-58.508626,-34.648817
-58.5618167,-34.601775
-58.555711,-34.606811
-58.571361,-34.59312
-58.477049,-34.675977
-58.5033599,-34.6524097
-58.474262,-34.677984
-58.47618,-34.6760405
-58.514266,-34.641982
-58.5171009,-34.6391693
-58.576382,-34.586783
-58.5063272,-34.6479782
-58.4887387,-34.6632563
-58.573821,-34.588563
-58.4641447,-34.6845178
-58.438947,-34.707006
-58.47915,-34.671088
-58.4679551,-34.6810082
-58.521966,-34.633237
-58.501702,-34.650644
-58.73067,-34.453233
-58.4959797,-34.6550838
-58.475935,-34.672211
-58.512082,-34.639328
-58.47189,-34.674477
-58.524049,-34.628317
-58.6671114,-34.504514
-58.526701,-34.62522
-58.499531,-34.649025
-58.3939275,-34.7431662
-58.668448,-34.50241
-58.484341,-34.661441
-58.377738,-34.756839
-58.391069,-34.743554
-58.4982344,-34.6476172
-58.4734538,-34.6674682
-58.5263962,-34.6202789
-58.504957,-34.639022
-58.4911522,-34.6510531
-58.4911522,-34.6510531
-58.472973,-34.667069
-58.5053285,-34.6384109
-58.5591593,-34.5911652
-58.529055,-34.6170364
-58.490753,-34.650719
-58.5301,-34.6159
-58.364391,-34.763559
-58.771731,-34.409353
-58.422569,-34.710793
-58.771632,-34.408965
-58.4628,-34.6746
-58.5156425,-34.6278546
-58.4799423,-34.6585759
-58.502751,-34.6379202
-58.3556143,-34.7693312
-58.5744848,-34.5744356
-58.5446567,-34.6002123
-58.476611,-34.659422
-58.4884177,-34.6486865
-58.390188,-34.736425
-58.3619447,-34.7616457
-58.5001704,-34.6375385
-58.4927124,-34.6436537
-58.4814134,-34.6530744
-58.5279779,-34.6119685
-58.499466,-34.63691
-58.4767969,-34.6561036
-58.519287,-34.618273
-58.5033,-34.6322
-58.5165333,-34.6205421
-58.3981378,-34.7256805
-58.5423574,-34.5975856
-58.4181855,-34.7073674
-58.512072,-34.623834
-58.496795,-34.637117
-58.3956649,-34.7269341
-58.523415,-34.6132
-58.5058549,-34.6286214
-58.5107956,-34.6235495
-58.4887571,-34.6416461
-58.492511,-34.636411
-58.741774,-34.421868
-58.4994382,-34.6290237
-58.301815,-34.8068123
-58.5093585,-34.6196191
-58.5195352,-34.6106075
-59.125518,-34.111067
-58.523705,-34.605415
-58.506577,-34.620277
-58.4954224,-34.6298967
-58.4889911,-34.6355238
-58.4712834,-34.651054
-58.516538,-34.610359
-58.491184,-34.632213
-58.4813056,-34.6401732
-58.486294,-34.635054
-58.479166,-34.640941
-58.310215,-34.792414
-58.514643,-34.60748
-58.4205743,-34.6904098
-58.4992502,-34.6204884
-58.505674,-34.614787
-58.4965228,-34.6227658
-58.5020885,-34.6178053
-58.4964,-34.622723
-58.4938555,-34.6248959
-58.27799,-34.819423
-58.5699744,-34.5582314
-58.4489591,-34.6643978
-60.57191,-33.13409
-58.4873541,-34.6300176
-58.582492,-34.546947
-56.71463675,-36.58216639
-58.6389961,-34.4982986
-58.485336,-34.631451
-58.4000642,-34.7073388
-58.482029,-34.633706
-58.5418252,-34.5810538
-58.4816573,-34.6337695
-58.4673468,-34.6463432
-58.4815,-34.633
-58.506326,-34.611069
-58.5076977,-34.6096892
-58.4767987,-34.6362515
-58.7286033,-34.4195453
-58.5106551,-34.6062442
-58.465611,-34.645211
-58.4427103,-34.6653764
-58.5585,-34.5633
-58.662671,-34.473772
-58.6816499,-34.4574987
-58.464687,-34.644703
-58.4974918,-34.6153953
-58.481691,-34.6290437
-58.5479156,-34.5698714
-58.31207,-34.780207
-58.5443,-34.5728
-58.7255946,-34.4179366
-58.2803,-34.809
-58.391835,-34.707157
-58.5361636,-34.5791981
-58.511327,-34.600568
-58.389172,-34.708848
-58.4751124,-34.6322172
-58.4588908,-34.6462384
-58.3919,-34.706014
-60.222474,-33.335962
-58.538738,-34.575875
-58.408459,-34.690747
-58.443063,-34.6597648
-58.3102963,-34.7793172
-58.7951,-34.3578
-58.3939,-34.7031
-58.3900009,-34.7064894
-58.5103,-34.599622
-58.389854,-34.706481
-58.4929315,-34.6140308
-58.493678,-34.613367
-58.535853,-34.575503
-58.5583111,-34.5553723
-58.275429,-34.808046
-60.2188972,-33.3346028
-58.5316,-34.578
-58.5046088,-34.6014124
